                  epoch,         train/box_loss,         train/cls_loss,         train/dfl_loss,   metrics/precision(B),      metrics/recall(B),       metrics/mAP50(B),    metrics/mAP50-95(B),           val/box_loss,           val/cls_loss,           val/dfl_loss,                 lr/pg0,                 lr/pg1,                 lr/pg2
                      1,                 5.8995,                 3.7039,                 4.2073,                      0,                      0,                      0,                      0,                 5.5896,                 3.6521,                 4.1605,                  6e-05,                  6e-05,                  6e-05
                      2,                 5.8556,                  3.696,                 4.2072,                0.00019,                0.00066,                  9e-05,                  1e-05,                 5.5896,                 3.6492,                 4.1607,             0.00013307,             0.00013307,             0.00013307
                      3,                 5.7352,                 3.5954,                 4.1445,                0.00019,                0.00066,                  9e-05,                  1e-05,                 5.5873,                 3.6439,                 4.1588,             0.00019822,             0.00019822,             0.00019822
                      4,                 5.5317,                 3.3917,                 4.0759,                0.00019,                0.00066,                  9e-05,                  1e-05,                 5.5821,                 3.6352,                 4.1543,             0.00025545,             0.00025545,             0.00025545
                      5,                 4.9931,                 2.8641,                 4.0657,                0.00019,                0.00066,                  9e-05,                  1e-05,                 5.5782,                 3.6303,                 4.1509,             0.00030476,             0.00030476,             0.00030476
